TenureBin,ChurnRate,Count
0-12m,0.4767816091954023,2175
13-24m,0.287109375,1024
25-36m,0.21634615384615385,832
37-48m,0.19028871391076116,762
49-60m,0.14423076923076922,832
61-72m,0.06609808102345416,1407
