Segment,ChurnRate,Count,Category
Month-to-month,0.4270967741935484,3875,Contract
One year,0.11277173913043478,1472,Contract
Two year,0.028486646884272996,1685,Contract
